fd_code,fd_name,yield,sf_type,unit_nav,f_type
006279,中金瑞祥A,304.7813,3,4.3684,fund
090018,大成新锐产业混合,243.5673,3,5.8750,fund
006736,国投瑞银先进制造混合,233.2443,3,3.3701,fund
001704,国投瑞银进宝混合,224.4275,3,3.5700,fund
001300,大成睿景混合A,221.6968,3,2.3130,fund
002258,大成国企改革混合,217.9236,3,3.2460,fund
001301,大成睿景混合C,214.3678,3,2.1880,fund
000126,招商安润混合,207.6364,3,3.2148,fund
161912,万家社会责任18个月定开A,203.0033,3,2.2632,fund
161913,万家社会责任18个月定开C,198.4747,3,2.2329,fund
000209,信诚新兴产业混合,196.5922,3,3.7163,fund
002132,广发鑫享混合,195.9545,3,2.6044,fund
001156,申万菱信新能源汽车主题,195.5303,3,2.3120,fund
519702,交银趋势混合A,188.5163,3,3.9970,fund
006392,中信保诚创新成长,183.3058,3,2.9172,fund
005094,万家臻选混合,182.8503,3,2.7131,fund
001822,华商智能生活混合,181.3497,3,2.2930,fund
700003,平安策略先锋混合,177.4230,3,4.9520,fund
519918,华夏兴和混合,177.3794,3,4.2550,fund
005671,前海联合研究优选混合A,175.1665,3,2.0263,fund
519002,华安安信消费混合,173.6391,3,4.4740,fund
166301,华商新趋势混合,173.3132,3,8.1420,fund
005939,工银新能源汽车主题混合A,173.1185,3,3.3894,fund
165516,信诚周期轮动混合,170.1436,3,4.8662,fund
005940,工银新能源汽车主题混合C,169.5850,3,3.3132,fund
005672,前海联合研究优选混合C,168.7184,3,1.9504,fund
006250,上投摩根动力精选混合A,168.5320,3,2.6488,fund
001532,华安文体健康灵活配置混合A,167.7952,3,3.2430,fund
000689,前海开源新经济混合A,167.7043,3,2.7520,fund
550009,信诚中小盘混合,167.4293,3,3.9740,fund
720001,财通价值动量混合,166.9526,3,5.2910,fund
040015,华安动态混合,163.9610,3,4.0650,fund
002083,新华鑫动力A,163.6432,3,2.4387,fund
002084,新华鑫动力C,162.7874,3,2.4229,fund
400015,东方新能源汽车混合,161.8776,3,3.1661,fund
398051,中海环保新能源,161.4823,3,2.2710,fund
004390,平安转型创新混合A,160.5504,3,2.7363,fund
001480,财通成长优选混合,160.3550,3,2.6400,fund
001569,泰信国策驱动灵活配置混合,160.0000,3,1.7550,fund
000739,平安新鑫先锋A,159.8232,3,2.6450,fund
001856,易方达环保主题混合,159.6737,3,3.3420,fund
003304,前海开源沪港深核心资源A,158.6146,3,3.0490,fund
003567,华夏行业景气混合,158.2447,3,3.1307,fund
003305,前海开源沪港深核心资源C,157.5742,3,3.0290,fund
006533,易方达科融混合,157.4496,3,2.5902,fund
004685,金元顺安元启混合,157.1949,3,2.8240,fund
001515,平安新鑫先锋C,156.9709,3,2.5620,fund
002780,前海联合泓鑫混合A,156.3364,3,2.8925,fund
001959,华商乐享互联灵活配置混合A,156.2500,3,1.8450,fund
004391,平安转型创新混合C,154.4539,3,2.6537,fund
519133,海富通改革驱动混合,154.3441,3,2.5227,fund
501046,财通多策略福鑫定开,154.1382,3,3.0461,fund
007043,前海联合泓鑫混合C,153.5620,3,2.8759,fund
000924,宝盈先进制造混合A,152.4124,3,2.5500,fund
005730,国泰江源优势混合A,151.0903,3,2.0956,fund
001858,建信鑫利混合,151.0698,3,2.3234,fund
002943,广发多因子混合,150.0368,3,3.0668,fund
001298,金鹰民族新兴混合,149.2729,3,2.9140,fund
519196,万家新兴蓝筹混合,147.0741,3,2.3813,fund
160421,华安智增精选混合,146.7319,3,2.6235,fund
003857,前海开源周期优选A,146.1119,3,2.6174,fund
002910,易方达供给改革混合,145.7542,3,2.3037,fund
003858,前海开源周期优选C,145.3237,3,2.5916,fund
400032,东方主题精选混合,143.5550,3,1.4757,fund
001279,中海积极增利混合,143.2515,3,2.3790,fund
006348,银华盛利混合,142.8179,3,2.9160,fund
001933,华商新兴活力混合,142.3877,3,2.2130,fund
001694,华安沪港深外延增长,141.4714,3,3.7090,fund
002340,富国价值优势混合,141.0892,3,3.4307,fund
519195,万家品质生活混合,140.0696,3,2.7596,fund
005630,华安研究精选混合,140.0251,3,2.2923,fund
519126,浦银安盛新经济结构混合,139.6264,3,3.0145,fund
001716,工银新趋势灵活配置混合A,139.4778,3,3.0270,fund
002939,广发创新升级混合,139.4272,3,2.8341,fund
001702,东方创新科技混合,138.7085,3,1.9481,fund
005533,银华国企改革混合,138.5129,3,2.3930,fund
040035,华安逆向策略混合,137.9271,3,6.3360,fund
240022,华宝资源优选,137.4825,3,3.3960,fund
162202,泰达宏利周期混合,137.4247,3,3.1530,fund
002669,华商万众创新混合,136.8658,3,2.1010,fund
005233,广发睿毅领先混合,136.1811,3,2.7175,fund
501064,国泰价值优选灵活配置混合,136.0186,3,2.7980,fund
004745,长盛创新驱动混合,135.7767,3,1.8881,fund
001997,工银新趋势灵活配置混合C,134.8662,3,2.8090,fund
450004,国富深化价值混合,134.0372,3,2.7710,fund
003961,易方达瑞程混合A,133.8482,3,2.9521,fund
006154,华安制造先锋混合,133.7974,3,3.2243,fund
004895,华商鑫安混合,133.4763,3,1.8190,fund
003962,易方达瑞程混合C,132.4943,3,2.9650,fund
000977,长城环保主题混合,132.0321,3,2.3122,fund
001387,中融新经济混合A,131.9899,3,3.7270,fund
005668,融通新能源汽车A,131.1229,3,2.3875,fund
590003,中邮核心优势混合,130.7806,3,3.1340,fund
001388,中融新经济混合C,130.5573,3,2.2510,fund
001445,华安国企改革混合,129.1718,3,3.7080,fund
001266,国投瑞银招财混合,128.9091,3,2.0920,fund
005352,鹏扬景泰混合A,127.6034,3,2.3343,fund
005680,财通资管价值成长混合,126.4512,3,2.2978,fund
519181,万家和谐增长混合,126.3092,3,1.8107,fund
005821,万家新机遇龙头企业混合,126.2511,3,2.2216,fund
001667,南方转型混合,126.1962,3,1.8910,fund
550015,中信保诚至远动力混合A,125.9877,3,2.3966,fund
501022,银华鑫盛定增混合,125.7874,3,2.2940,fund
005353,鹏扬景泰混合C,124.8407,3,2.2936,fund
288001,华夏经典混合,124.7525,3,2.2700,fund
002846,泓德泓华混合,124.5684,3,1.9661,fund
001366,金鹰产业整合混合,124.4006,3,1.5910,fund
006266,永赢智能领先A,124.1159,3,2.2434,fund
167002,平安鼎越混合,123.7136,3,2.2434,fund
550016,中信保诚至远动力混合C,123.6973,3,3.4087,fund
530001,建信恒久价值混合,123.5374,3,1.1344,fund
163822,中银主题策略混合,123.5077,3,3.6320,fund
001508,富国新动力混合A,123.4358,3,2.8990,fund
002537,平安安盈灵活配置混合A,123.2540,3,2.3464,fund
005794,银华心怡混合,123.1788,3,2.8136,fund
270028,广发制造业精选混合,123.1033,3,5.2050,fund
005136,华安幸福生活混合,122.7371,3,2.2688,fund
001069,华泰柏瑞消费成长,122.4138,3,2.4510,fund
000390,华商优势行业混合,122.3602,3,1.1600,fund
006269,永赢智能领先C,122.3599,3,2.2256,fund
000431,鹏华品牌传承混合,122.1306,3,3.2320,fund
001951,金鹰改革红利混合,121.8837,3,2.4030,fund
000601,华宝创新混合,121.5385,3,2.3040,fund
519704,交银先进制造混合,121.3529,3,4.1667,fund
006051,鹏扬核心价值混合A,120.9352,3,2.2869,fund
163807,中银优选混合,120.8594,3,1.1062,fund
005911,广发双擎升级混合,120.8000,3,2.8039,fund
673060,西部利得景瑞混合A,120.5860,3,2.3050,fund
000263,工银信息产业混合,120.1970,3,3.5760,fund
121010,国投瑞银瑞源混合,120.0681,3,3.1034,fund
001510,富国新动力混合C,120.0502,3,2.7990,fund
006424,嘉合锦程混合A,119.5817,3,2.0381,fund
570008,诺德周期策略混合,119.0000,3,3.2850,fund
167001,平安鼎泰混合,118.8414,3,1.6319,fund
005299,万家成长优选混合A,117.5123,3,2.5164,fund
001864,中海魅力长三角混合,117.4868,3,2.4750,fund
519095,新华行业周期轮换混合,117.2779,3,3.8154,fund
005535,泰信竞争优选混合,116.9802,3,2.1016,fund
610006,信达澳银产业升级混合,116.9462,3,2.4580,fund
001220,民生加银研究精算,116.8675,3,1.6200,fund
005119,银华智荟内在价值灵活配置混合发起式,116.4057,3,1.9351,fund
000939,中银研究精选混合,116.2082,3,0.7930,fund
004374,华泰保兴吉年丰A,115.6345,3,2.2633,fund
210003,金鹰行业优势混合,115.6057,3,2.6554,fund
000547,建信健康民生混合,115.5664,3,5.2900,fund
002542,长城久鼎混合,115.0697,3,2.2849,fund
001832,易方达瑞恒混合,114.7982,3,2.3950,fund
001811,中欧明睿新常态混合,114.7799,3,2.6304,fund
519642,银河智造混合,114.7011,3,2.6580,fund
006425,嘉合锦程混合C,114.5568,3,1.9838,fund
519003,海富通收益增长混合,114.5381,3,2.3140,fund
002291,诺安安鑫灵活配置混合,114.5333,3,2.4135,fund
004375,华泰保兴吉年丰C,114.2953,3,2.2366,fund
005300,万家成长优选混合C,114.1416,3,2.4622,fund
002170,东吴移动互联混合C,114.0343,3,1.8728,fund
002446,广发利鑫灵活配置混合A,113.9494,3,2.4540,fund
007012,湘财长顺混合发起式A,113.9223,3,0.9805,fund
001018,易方达新经济混合,113.4014,3,3.5510,fund
530006,建信核心精选混合,113.3966,3,2.8040,fund
001323,东吴移动互联混合A,112.6131,3,1.8795,fund
006527,富国优质发展混合A,112.5286,3,1.9040,fund
003714,英大睿盛混合C,112.3252,3,2.1151,fund
000584,新华鑫益混合,112.1407,3,4.8559,fund
005596,建信战略精选混合A,112.0488,3,2.1911,fund
001701,中融产业升级混合,111.4667,3,2.3790,fund
003713,英大睿盛混合A,111.4233,3,2.0567,fund
540003,汇丰晋信动态策略混合A,111.3147,3,4.2096,fund
001120,东方睿鑫热点挖掘混合A,111.0777,3,1.2652,fund
377240,上投摩根新兴动力混合,110.8400,3,5.7728,fund
006624,中泰玉衡价值优选混合,110.5761,3,2.1822,fund
007013,湘财长顺混合发起式C,110.0683,3,0.9759,fund
005028,鹏华研究精选混合,109.8733,3,2.2532,fund
005765,中欧明睿新常态混合C,109.7768,3,2.5697,fund
000727,融通健康产业混合,109.6850,3,2.6630,fund
160624,鹏华消费领先混合,109.6650,3,3.8180,fund
000006,西部利得量化成长混合A,109.3747,3,1.8147,fund
001468,广发改革混合,109.2188,3,1.3390,fund
005164,富荣福锦混合A,109.1586,3,2.0211,fund
001218,国投瑞银精选收益混合,109.1140,3,1.2990,fund
002181,华安大安全主题混合,108.8889,3,2.0680,fund
006252,永赢消费主题A,108.8379,3,2.8592,fund
001808,银华互联网主题混合,108.8036,3,1.8500,fund
000541,华商创新成长混合,108.7748,3,2.5220,fund
005597,建信战略精选混合C,108.7612,3,2.1469,fund
006528,富国优质发展混合C,108.7501,3,1.8641,fund
161611,融通内需驱动混合,108.5581,3,2.2420,fund
000603,易方达创新驱动,108.4061,3,1.9090,fund
002482,宝盈互联网沪港深混合,108.1811,3,2.6210,fund
481010,工银瑞信中小盘混合,108.1774,3,3.0040,fund
005165,富荣福锦混合C,108.1383,3,1.9923,fund
001487,宝盈优势产业混合A,108.0360,3,2.6587,fund
519674,银河创新混合,108.0242,3,5.7708,fund
001479,中邮风格轮动混合,107.9787,3,2.3460,fund
210008,金鹰策略配置混合,107.8443,3,2.3661,fund
000061,华夏盛世混合,107.7612,3,1.3920,fund
161834,银华鑫锐灵活配置混合（LOF）,107.7179,3,1.7350,fund
006567,中泰星元灵活配置混合A,107.2917,3,2.4676,fund
006253,永赢消费主题C,107.0980,3,2.8360,fund
290011,泰信中小盘精选混合,106.7001,3,3.3010,fund
750001,安信策略精选混合,106.3391,3,2.6040,fund
004139,中邮军民融合混合,106.3125,3,1.8368,fund
001809,中信建投智信物联网A,106.2457,3,2.1167,fund
519171,浦银安盛医疗健康混合,105.7059,3,1.4583,fund
001457,华商新常态混合,105.5107,3,0.8830,fund
519026,海富通中小盘混合,105.4734,3,1.5842,fund
570001,诺德价值优势混合,105.2513,3,2.7255,fund
003095,中欧医疗健康混合A,104.9405,3,2.5360,fund
202027,南方高端装备灵活配置混合A,104.9180,3,3.1250,fund
005739,富国转型机遇混合,104.8892,3,2.0618,fund
004423,华商研究精选混合,104.8762,3,2.7310,fund
090016,大成消费主题混合,104.7351,3,1.8160,fund
002133,广发鑫益混合,104.7081,3,2.1740,fund
161903,万家行业优选混合,104.5460,3,1.2541,fund
001322,东吴新趋势价值线混合,104.5155,3,1.0553,fund
630011,华商主题精选混合,104.5045,3,2.4970,fund
002708,大摩健康产业混合,104.2275,3,2.6570,fund
519033,海富通国策导向混合,104.1778,3,2.2970,fund
002180,中银移动互联混合,104.0174,3,1.8790,fund
001538,上投摩根科技前沿混合,103.9702,3,2.4660,fund
004636,中信建投智信物联网C,103.8188,3,2.1776,fund
168501,北信瑞丰产业升级,103.8095,3,2.1400,fund
483003,工银精选平衡混合,103.5479,3,0.6388,fund
001869,招商制造业混合,103.5314,3,2.3630,fund
000612,华宝生态混合,103.5264,3,4.0400,fund
001121,东方睿鑫热点挖掘混合C,103.1402,3,1.1709,fund
240004,华宝动力组合混合,102.9719,3,2.9368,fund
519909,华安安顺混合,102.7421,3,3.4750,fund
002256,金信行业优选混合,102.5731,3,1.7320,fund
003751,万家瑞隆混合A,102.5690,3,2.3498,fund
688888,浙商聚潮产业成长混合,102.0988,3,1.8690,fund
002249,招商境远灵活配置混合,102.0563,3,2.1028,fund
519773,交银数据产业灵活配置混合,101.7641,3,1.8300,fund
005904,华泰保兴成长优选A,101.7351,3,2.2207,fund
003096,中欧医疗健康混合C,101.4738,3,2.4920,fund
002681,金鹰元和混合A,101.4555,3,1.1028,fund
487016,工银灵活配置混合A,101.2209,3,2.4227,fund
002620,中邮未来新蓝筹混合,101.2117,3,2.8230,fund
000698,宝盈科技30混合,100.9921,3,3.0390,fund
003291,信达澳银健康中国混合A,100.9804,3,2.0500,fund
005760,富国周期优势混合,100.8770,3,2.5196,fund
163810,中银价值混合,100.8065,3,2.9880,fund
004868,交银股息优化混合,100.3738,3,2.4123,fund
005207,南方高端装备混合C,100.0000,3,3.0180,fund
006122,华安低碳生活混合,99.9399,3,1.9964,fund
003152,华富天鑫混合A,99.8659,3,1.6391,fund
610004,信达澳银中小盘混合,99.5659,3,2.1400,fund
005905,华泰保兴成长优选C,99.4422,3,2.1811,fund
005472,富国价值驱动灵活配置混合A,99.4102,3,1.8932,fund
002160,南方驱动混合,99.4083,3,2.6960,fund
001715,工银新焦点混合A,99.0562,3,2.0881,fund
168102,九泰锐富事件驱动,99.0282,3,1.7000,fund
005689,中银医疗保健混合,98.8968,3,2.2175,fund
004569,招商制造业混合C,98.8696,3,2.2870,fund
000534,长盛高端装备混合,98.7326,3,3.1360,fund
410007,华富价值增长混合,98.6789,3,2.3611,fund
519198,万家颐和灵活配置混合,98.4972,3,1.5370,fund
000242,景顺长城策略精选,98.2616,3,2.3950,fund
005775,中加转型动力混合A,98.2381,3,2.4191,fund
630015,华商大盘量化混合,98.2085,3,2.4340,fund
001287,安信优势增长混合,98.1657,3,2.9839,fund
001007,国联安鑫安混合,98.1091,3,0.9470,fund
001276,建信新经济混合,98.1065,3,1.6740,fund
020023,国泰事件驱动混合,98.0307,3,5.0280,fund
004958,圆信永丰优享生活混合,98.0158,3,2.0259,fund
001398,华泰柏瑞健康生活,97.8458,3,1.7450,fund
002682,金鹰元和混合C,97.7249,3,1.0681,fund
100022,富国天瑞强势混合,97.6880,3,0.7179,fund
168401,红土精选灵活配置混合,97.5267,3,2.3320,fund
481017,工银量化策略混合,97.4706,3,3.5800,fund
370027,上投摩根智选30混合,97.3899,3,3.0357,fund
001475,易方达国防军工混合,97.3881,3,1.5870,fund
519089,新华成长混合,97.3718,3,1.9174,fund
161222,国投瑞银瑞利混合（LOF）,97.2669,3,2.4540,fund
005376,北信瑞丰华丰混合,97.2344,3,1.9190,fund
002938,中银证券健康产业混合,97.1778,3,2.0331,fund
690011,民生加银积极成长,97.1429,3,2.8290,fund
002036,安信优势增长混合C,96.9943,3,2.9502,fund
519115,浦银安盛红利精选混合,96.9654,3,3.4725,fund
257050,国联安主题驱动,96.7373,3,2.5026,fund
163818,中银中小盘成长混合,96.7115,3,2.6320,fund
001373,易方达新丝路混合,96.6140,3,1.7420,fund
000663,国投瑞银美丽中国混合,96.5731,3,1.5280,fund
005050,长安鑫旺价值混合C,96.2169,3,2.4066,fund
519017,大成积极成长混合,96.1645,3,0.9940,fund
005049,长安鑫旺价值混合A,95.7613,3,2.4016,fund
519091,新华资源混合,95.6641,3,5.8484,fund
166801,浙商聚潮新思维混合,95.6527,3,2.8460,fund
001998,工银新焦点混合C,95.5717,3,2.0183,fund
006281,万家人工智能混合,95.5361,3,2.0500,fund
519778,交银经济新动力混合,95.4725,3,2.9272,fund
519767,交银科技创新混合,95.4167,3,2.4388,fund
519113,浦银安盛精致生活混合,95.4023,3,3.2300,fund
375010,上投摩根中国优势混合,95.2885,3,1.4812,fund
003153,华富天鑫混合C,95.2393,3,1.5707,fund
460005,华泰柏瑞价值增长,94.8865,3,3.8214,fund
005341,长安裕泰混合A,94.8374,3,2.1625,fund
000308,建信创新中国混合,94.7767,3,5.4070,fund
005342,长安裕泰混合C,94.6930,3,2.1718,fund
005473,富国价值驱动灵活配置混合C,94.6871,3,1.8322,fund
001216,易方达新收益A,94.6357,3,3.0430,fund
001359,国联安添鑫混合A,94.4744,3,1.9815,fund
001780,诺安改革趋势混合,94.2799,3,1.9020,fund
090020,大成健康产业混合,94.2595,3,1.6920,fund
005409,华泰柏瑞战略新兴产业,94.0758,3,1.9656,fund
006132,万家智造优势混合A,94.0644,3,2.4009,fund
002124,广发新兴产业混合,93.9460,3,2.6590,fund
168002,国寿安保策略精选混合(LOF),93.8909,3,2.1640,fund
460007,华泰柏瑞行业领先,93.7923,3,3.4340,fund
501001,财通多策略精选混合,93.7044,3,2.1230,fund
005776,中加转型动力混合C,93.6870,3,2.3440,fund
000165,国投瑞银策略精选混合,93.6066,3,2.5980,fund
001224,中邮新思路混合,93.5818,3,2.8050,fund
001763,广发多策略混合,93.5313,3,1.8250,fund
005708,国联安远见成长混合,93.5243,3,2.2772,fund
110012,易方达科汇混合,93.4945,3,2.3390,fund
000587,大成灵活配置混合,93.4302,3,3.3270,fund
160610,鹏华动力混合,93.4252,3,0.9520,fund
202213,南方核心竞争混合,93.3302,3,2.0464,fund
001654,国联安添鑫混合C,93.2955,3,1.9057,fund
001217,易方达新收益C,93.2548,3,2.9620,fund
110013,易方达科翔混合,93.1870,3,4.4610,fund
005090,嘉合睿金混合发起式A,93.1523,3,1.5412,fund
002563,泓德泓汇混合,93.0076,3,2.2910,fund
006976,鹏华核心优势混合,92.8986,3,1.9286,fund
161616,融通医疗保健行业混合,92.8943,3,2.2260,fund
550002,信诚精萃成长混合,92.7982,3,0.8531,fund
005805,华泰柏瑞医疗健康混合A,92.7245,3,2.1695,fund
160106,南方高增长混合,92.6746,3,1.3945,fund
001471,融通新能源灵活混合A,92.5664,3,2.1760,fund
450011,国富研究精选混合,92.5505,3,3.0500,fund
000124,华宝服务优选,92.4869,3,3.3050,fund
001607,英大策略优选A,92.4429,3,2.1333,fund
002408,中信建投医改混合A,92.2985,3,1.9326,fund
004082,国联安鑫乾混合C,92.0912,3,1.9795,fund
360016,光大行业轮动混合,91.9749,3,1.8190,fund
004183,富国产业升级混合,91.7908,3,2.1634,fund
162204,泰达宏利精选混合,91.3666,3,6.5522,fund
001815,华泰柏瑞激励动力A,91.3652,3,2.1620,fund
006366,兴业安保优选混合,91.1798,3,2.2022,fund
001608,英大策略优选C,91.0615,3,2.0271,fund
006133,万家智造优势混合C,91.0395,3,2.3375,fund
001339,兴银鼎新灵活配置,91.0047,3,1.6350,fund
470006,汇添富医药保健混合,90.9600,3,2.4200,fund
000529,广发竞争优势混合A,90.9521,3,3.5097,fund
240020,华宝医药生物优选,90.8851,3,3.3330,fund
580009,东吴多策略混合,90.7814,3,1.9557,fund
270006,广发策略优选,90.6422,3,3.3248,fund
519644,银河智联混合,90.6250,3,2.1350,fund
519908,华夏兴华混合,90.5584,3,3.3100,fund
040005,华安宏利混合,90.4363,3,8.5902,fund
487021,工银优质精选混合,90.4206,3,3.2600,fund
003032,平安医疗健康灵活配置混合,90.3083,3,1.8517,fund
006299,恒越核心精选混合A,90.2903,3,2.1107,fund
007193,恒越核心精选混合C,90.2615,3,2.1100,fund
519672,银河蓝筹混合,90.2324,3,4.4210,fund
000362,国泰聚信价值优势A,90.0602,3,2.5240,fund
005418,申万菱信量化驱动,89.9383,3,1.5083,fund
000404,易方达新兴成长,89.9009,3,4.0240,fund
050010,博时特许价值混合,89.7032,3,3.1320,fund
005296,南华丰淳混合A,89.6514,3,1.7520,fund
002378,建信弘利混合,89.6501,3,2.2007,fund
005977,中信保诚至兴混合A,89.6078,3,1.9194,fund
000976,长城新兴产业混合,89.5590,3,2.3729,fund
001887,中欧智选E,89.4737,3,4.5540,fund
002064,华富产业升级混合,89.3976,3,1.6900,fund
001294,新华战略新兴产业灵活配置混合,89.3218,3,1.2003,fund
002082,华泰柏瑞激励动力C,89.2792,3,2.3880,fund
166019,中欧价值智选回报A,89.1547,3,4.1266,fund
450001,国富中国收益混合,89.1116,3,1.3016,fund
002281,建信裕利混合,89.0567,3,2.0783,fund
004848,中欧睿泓定期开放灵活配置混合,88.9510,3,1.9957,fund
000967,华泰柏瑞创新动力,88.5192,3,2.8900,fund
002213,中海顺鑫混合,88.4878,3,1.7961,fund
420005,天弘周期策略混合A,88.3943,3,2.5226,fund
005091,嘉合睿金混合发起式C,88.3732,3,1.4991,fund
070018,嘉实回报混合,88.3400,3,1.6390,fund
005876,易方达鑫转增利混合A,88.2220,3,1.9976,fund
001365,大成正向回报,88.2188,3,1.3420,fund
270021,广发聚瑞混合,88.0844,3,4.0551,fund
519995,长信金利趋势混合,87.9752,3,0.6116,fund
001000,中欧明睿新起点混合,87.8947,3,1.7850,fund
005545,中银改革红利灵活配置混合,87.8688,3,2.1588,fund
000556,国投瑞银新机遇混合A,87.8555,3,2.5380,fund
501070,广发睿阳三年定期开放混合,87.5670,3,0.9508,fund
165313,建信优势动力混合,87.4829,3,2.7410,fund
004959,圆信永丰优悦生活混合,87.4348,3,1.7292,fund
213001,宝盈鸿利收益灵活配置混合A,87.3853,3,1.8490,fund
000363,国泰聚信价值优势C,87.3606,3,2.5200,fund
006568,国联安行业领先混合,87.1526,3,1.9127,fund
002567,大成国家安全混合,87.1462,3,1.5870,fund
501032,财通福盛定增定开,87.0660,3,1.5085,fund
005743,长安裕隆灵活配置混合A,86.9631,3,2.4853,fund
004671,中融核心成长混合,86.9098,3,1.5121,fund
001827,富国研究优选沪港深,86.9005,3,2.6110,fund
090009,大成行业轮动混合,86.6839,3,2.8880,fund
530011,建信内生动力混合,86.3503,3,2.4240,fund
001880,长城中国智造混合,86.2152,3,2.0128,fund
000805,中银新经济混合,85.8685,3,1.8940,fund
005297,南华丰淳混合C,85.8432,3,1.6882,fund
460001,华泰柏瑞盛世中国,85.7041,3,0.5007,fund
002307,银华多元视野混合,85.6710,3,2.4490,fund
002593,富国美丽中国混合,85.6105,3,2.5540,fund
002577,南方新兴混合,85.4756,3,1.4430,fund
002801,泓德泓信混合,85.4528,3,1.8842,fund
004905,华泰柏瑞生物医药,85.4347,3,2.2649,fund
006167,德邦乐享生活混合A,85.4062,3,1.8031,fund
002252,融通成长30混合,85.2415,3,2.0710,fund
050026,博时医疗保健混合,85.0917,3,3.2280,fund
005744,长安裕隆灵活配置混合C,85.0681,3,2.4466,fund
000557,国投瑞银新机遇混合C,85.0633,3,2.4550,fund
163804,中银收益混合,85.0402,3,1.4579,fund
005978,中信保诚至兴混合C,84.9667,3,1.8591,fund
310328,申万菱信新动力混合,84.9511,3,0.6360,fund
001985,富国低碳新经济,84.9439,3,2.5170,fund
005877,易方达鑫转增利混合C,84.8889,3,1.9552,fund
004235,中欧价值智选混合C,84.8722,3,3.9204,fund
001071,华安媒体互联网混合,84.8252,3,2.6430,fund
005004,交银品质升级混合,84.6936,3,1.8896,fund
202009,南方盛元红利混合,84.6717,3,1.2140,fund
001623,兴业国企改革混合,84.6093,3,2.3390,fund
257070,国联安优选行业 ,84.5464,3,2.7156,fund
160603,鹏华普天收益,84.0417,3,2.2490,fund
005251,银华多元动力混合,84.0114,3,1.9404,fund
005403,南方融尚再融资混合,83.8954,3,1.8430,fund
160522,博时睿益事件驱动LOF,83.8359,3,1.5240,fund
519756,交银国企改革混合,83.6873,3,1.9030,fund
519150,新华优选消费混合,83.5408,3,3.1257,fund
002983,长信军工量化混合,83.5343,3,1.4457,fund
002145,诺安景鑫灵活配置混合,83.5231,3,1.7732,fund
000940,富国中小盘精选,83.5035,3,2.3360,fund
006168,德邦乐享生活混合C,83.3303,3,1.7886,fund
000136,民生加银策略精选,83.3032,3,4.0620,fund
005265,博时厚泽回报混合A,83.2449,3,1.7140,fund
001543,宝盈新锐混合A,83.2250,3,2.8180,fund
001140,工银总回报混合,83.0226,3,1.8650,fund
004604,富国新活力灵活配置混合A,82.9565,3,2.3788,fund
070027,嘉实周期优选混合,82.9369,3,3.5380,fund
005618,融通红利机会混合A,82.8515,3,1.9481,fund
168106,九泰盈华量化混合A,82.7936,3,1.5861,fund
005609,富国军工主题混合,82.7554,3,1.7709,fund
240002,华宝宝康灵活配置,82.7252,3,3.4632,fund
519120,浦银安盛新兴产业混合A,82.7230,3,3.4827,fund
270022,广发内需增长混合A,82.6428,3,1.6310,fund
206002,鹏华精选成长混合,82.4911,3,2.5640,fund
003940,银华盛世精选混合,82.4685,3,2.0403,fund
310368,申万菱信竞争优势混合A,82.4452,3,2.1295,fund
006049,恒越研究精选混合A,82.4413,3,2.0760,fund
005851,财通新视野混合A,82.3995,3,2.0053,fund
000574,宝盈新价值混合A,82.0937,3,2.6440,fund
001955,中欧养老混合,81.9463,3,2.7110,fund
002844,金鹰多元策略混合,81.9302,3,2.2583,fund
163409,兴全绿色投资,81.7487,3,1.9230,fund
002662,前海开源沪港深大消费A,81.5466,3,2.0660,fund
006881,华宝大健康混合,81.5347,3,1.8050,fund
004846,南华瑞盈混合C,81.4286,3,1.2319,fund
001037,国投瑞银锐意改革混合,81.1296,3,0.9550,fund
320018,诺安新动力混合,81.0825,3,3.5130,fund
007192,恒越研究精选混合C,81.0455,3,2.0641,fund
003822,中信建投轮换混合A,81.0427,3,2.1669,fund
481015,工银主题策略混合,81.0226,3,3.6820,fund
000609,华商新量化混合,81.0051,3,2.1250,fund
001357,泓德泓富混合A,80.9423,3,1.5811,fund
217020,招商安达灵活配置混合,80.9226,3,2.3140,fund
002663,前海开源沪港深大消费C,80.9187,3,2.0480,fund
006179,富国品质生活混合,80.9130,3,1.8151,fund
002955,融通新趋势混合,80.9035,3,1.7620,fund
002345,华夏高端制造混合,80.7494,3,1.3990,fund
002319,大成一带一路混合,80.6420,3,1.8570,fund
000294,华安生态优先混合,80.6407,3,3.6630,fund
002095,博时新收益混合A,80.6378,3,1.2422,fund
004987,诺德新享灵活配置混合,80.6217,3,1.5534,fund
270050,广发新经济混合,80.5348,3,3.6793,fund
001603,易方达安盈回报混合,80.5264,3,2.1540,fund
163001,长信医疗保健行业混合,80.5085,3,1.7040,fund
005543,银华心诚混合,80.4920,3,1.6732,fund
360006,光大新增长混合,80.4417,3,1.4039,fund
000120,中银美丽中国混合,80.4170,3,2.4230,fund
005642,鹏扬景升混合A,80.4066,3,1.9612,fund
005695,华安睿明两年定开A,80.2832,3,1.2897,fund
004605,富国新活力灵活配置混合C,80.2604,3,2.3533,fund
005186,长安鑫兴混合A,80.1547,3,1.9336,fund
005619,融通红利机会混合C,80.0981,3,1.9085,fund
580002,东吴双动力混合,80.0924,3,0.8031,fund
002096,博时新收益混合C,80.0762,3,1.2390,fund
160627,鹏华策略优选混合,80.0558,3,2.5820,fund
003516,国泰融安多策略灵活配置混合A,80.0234,3,2.6134,fund
519035,富国天博创新混合,79.9819,3,1.9751,fund
510081,长盛动态精选混合,79.8935,3,1.7507,fund
168601,汇安裕阳三年定开混合,79.8553,3,1.3679,fund
168107,九泰盈华量化混合C,79.7976,3,1.5459,fund
002823,招商盛达混合A,79.6954,3,1.7700,fund
001695,泓德泓业混合,79.6827,3,2.0951,fund
080005,长盛量化红利混合,79.6819,3,2.4850,fund
006720,平安核心优势混合A,79.6724,3,1.8535,fund
519997,长信银利精选混合,79.5452,3,1.0131,fund
450003,国富潜力组合混合A,79.5265,3,1.2150,fund
005187,长安鑫兴混合C,79.3626,3,1.9190,fund
003889,汇安丰泽混合A,79.3621,3,3.3686,fund
000433,安信鑫发优选混合,79.3069,3,2.3543,fund
002259,鹏华健康环保混合,79.3021,3,2.2610,fund
610002,信达澳银精华配置,79.2004,3,1.1090,fund
110015,易方达行业领先企业,79.1473,3,3.7830,fund
005075,富国研究量化精选混合,79.1200,3,1.7586,fund
003890,汇安丰泽混合C,79.0098,3,3.2902,fund
005241,中欧时代智慧混合A,78.9661,3,1.8046,fund
580003,东吴行业轮动混合,78.9617,3,0.8667,fund
005176,富国精准医疗灵活配置混合,78.8693,3,2.3634,fund
003823,中信建投轮换混合C,78.8593,3,2.1388,fund
519679,银河主题混合,78.8295,3,5.5920,fund
005266,博时厚泽回报混合C,78.7696,3,1.6616,fund
630002,华商盛世成长混合,78.7563,3,4.5161,fund
210004,金鹰稳健成长混合,78.6753,3,2.2120,fund
003980,中银证券瑞益混合A,78.6146,3,2.1891,fund
000220,富国医疗保健行业混合,78.5917,3,3.7790,fund
001376,泓德泓富混合C,78.3735,3,1.5172,fund
100060,富国高新技术产业,78.2230,3,3.2900,fund
519656,银河灵活配置混合A,78.2111,3,3.4270,fund
000993,华宝稳健回报混合,78.1250,3,1.4250,fund
005959,财通新视野混合C,78.0718,3,1.9449,fund
005888,华夏新兴消费混合A,77.8617,3,2.4022,fund
519097,新华中小市值混合,77.7615,3,3.0255,fund
481006,工银红利混合,77.7500,3,0.7530,fund
003293,易方达科瑞混合,77.7231,3,1.9155,fund
001297,平安智慧中国混合,77.7164,3,0.9650,fund
004693,前海联合泳隽混合A,77.6324,3,1.6566,fund
100039,富国通胀通缩主题,77.2999,3,3.2570,fund
004224,南方军工改革混合,77.1948,3,1.3846,fund
000219,博时裕益混合,77.1386,3,2.4020,fund
002824,招商盛达混合C,77.0256,3,1.7260,fund
410003,华富成长趋势混合,76.9090,3,1.6244,fund
003981,中银证券瑞益混合C,76.7847,3,2.1421,fund
006039,国富估值优势混合,76.6924,3,2.1037,fund
003238,新华外延增长混合,76.5997,3,2.1720,fund
121006,国投瑞银稳健增长混合,76.3636,3,2.6190,fund
005732,富国臻选成长灵活配置混合,76.3385,3,2.0420,fund
310358,申万菱信新经济混合,76.2717,3,0.9950,fund
160324,华夏磐晟混合,76.2484,3,1.8106,fund
001558,天弘医疗健康混合A,76.2368,3,1.5745,fund
006113,汇添富创新医药主题混合,76.2343,3,2.1238,fund
005738,长城智能产业混合,76.2299,3,2.0025,fund
005643,鹏扬景升混合C,76.1967,3,1.8994,fund
000690,前海开源大海洋混合,76.1905,3,1.9980,fund
001679,前海开源中国稀缺资产A,76.1745,3,2.1000,fund
001267,泰达宏利蓝筹混合,76.1628,3,1.2120,fund
005812,鹏华产业精选混合,75.9804,3,1.7591,fund
519915,富国消费主题混合,75.9358,3,2.6320,fund
001753,红土创新新兴产业混合,75.9036,3,1.4600,fund
002148,国寿安保稳惠混合,75.8751,3,1.7682,fund
001229,德邦福鑫混合A,75.8726,3,1.6780,fund
160813,长盛同盛成长优选,75.8065,3,1.4170,fund
166009,中欧新动力混合(LOF)A,75.7621,3,3.1943,fund
270007,广发大盘成长,75.7526,3,1.8723,fund
006408,汇添富消费升级混合,75.7316,3,1.9877,fund
002079,前海开源中国稀缺资产C,75.6000,3,2.1950,fund
003670,中融物联网主题混合,75.5403,3,1.4784,fund
007042,前海联合泳隽混合C,75.3970,3,1.6347,fund
070021,嘉实主题新动力混合,75.3715,3,3.3040,fund
004475,华泰柏瑞富利混合A,75.3599,3,1.7052,fund
040011,华安核心优选混合,75.3371,3,2.3922,fund
005421,中欧嘉泽灵活配置混合,75.3197,3,2.0565,fund
005244,国泰聚优价值混合A,75.2808,3,1.7011,fund
006721,平安核心优势混合C,75.2461,3,1.7982,fund
005889,华夏新兴消费混合C,75.2356,3,2.3613,fund
005498,银华积极成长混合,75.0071,3,1.8409,fund
001382,易方达国企改革,74.9791,3,2.0980,fund
005696,华安睿明两年定开C,74.9296,3,1.2418,fund
001127,中银宏观策略混合,74.8031,3,1.1100,fund
020010,国泰金牛创新成长,74.6881,3,1.0660,fund
005242,中欧时代智慧混合C,74.6642,3,1.7399,fund
001181,南方改革机遇,74.4813,3,1.6820,fund
002106,德邦福鑫混合C,74.4751,3,1.6453,fund
161818,银华消费主题混合,74.2266,3,1.3803,fund
217002,招商安泰平衡,74.1920,3,1.5481,fund
001559,天弘医疗健康混合C,74.1366,3,1.5378,fund
001740,光大中国制造2025混合,74.1063,3,2.0590,fund
519657,银河灵活配置混合C,74.1038,3,3.2540,fund
168105,九泰泰富灵活配置混合（LOF）,74.0923,3,1.8076,fund
519655,银河服务混合,74.0741,3,1.6920,fund
519710,交银策略回报混合,73.9996,3,1.7370,fund
151001,银河稳健混合,73.8935,3,2.2215,fund
000029,富国宏观策略混合,73.8365,3,3.0630,fund
004845,南华瑞盈混合A,73.8231,3,1.1926,fund
005260,银华稳健增利灵活配置混合A,73.8031,3,1.4921,fund
000794,宝盈睿丰创新混合A,73.7397,3,2.3090,fund
590005,中邮核心主题混合,73.6976,3,2.7340,fund
005400,万家潜力价值混合A,73.5737,3,1.9928,fund
163803,中银持续增长混合A,73.4788,3,0.3527,fund
001513,易方达信息产业混合,73.3231,3,2.2480,fund
003598,华商润丰灵活A,73.2338,3,1.7410,fund
002628,招商安博灵活配置混合A,73.0928,3,1.9717,fund
002694,中银新蓝筹混合,72.9299,3,1.6290,fund
006522,财通新兴蓝筹混合A,72.8362,3,1.7313,fund
005245,国泰聚优价值混合C,72.7112,3,1.6639,fund
002707,大摩科技领先混合,72.6384,3,1.4840,fund
006121,华安双核驱动混合,72.6231,3,1.7321,fund
180012,银华富裕主题混合,72.6059,3,5.1585,fund
001385,东方新思路混合C,72.5524,3,1.3906,fund
001924,华夏国企改革混合,72.5113,3,1.5250,fund
003593,国泰景气行业混合,72.4923,3,0.7330,fund
162203,泰达宏利稳定混合,72.4700,3,2.2121,fund
004890,中邮健康文娱混合,72.3193,3,1.7549,fund
005827,易方达蓝筹精选混合,72.3079,3,2.1442,fund
240008,华宝收益增长,72.2515,3,8.9855,fund
003284,中邮医药健康,72.1256,3,2.0180,fund
005261,银华稳健增利灵活配置混合C,72.0645,3,1.4727,fund
004236,中欧新动力混合（LOF）C,72.0285,3,3.1175,fund
398001,中海优质成长混合,71.9655,3,0.3598,fund
501038,银华明择多策略定期开放混合,71.9544,3,2.0043,fund
001222,鹏华外延成长混合,71.8663,3,1.8510,fund
240009,华宝先进成长,71.8440,3,4.9931,fund
000757,华富智慧城市混合,71.8362,3,1.3850,fund
000452,南方医保混合,71.7268,3,2.7150,fund
004357,南方智慧精选混合,71.6507,3,2.1743,fund
005682,财通资管消费精选混合,71.6430,3,1.6924,fund
470098,汇添富逆向投资,71.6327,3,3.3640,fund
002624,广发优企精选混合,71.6263,3,2.2689,fund
002296,长城行业轮动混合A,71.5847,3,1.9468,fund
519698,交银先锋混合,71.5634,3,2.3312,fund
004829,北信瑞丰兴瑞混合,71.5538,3,1.6440,fund
002967,浙商大数据智选消费A,71.4984,3,2.1060,fund
002959,汇添富盈泰混合,71.3901,3,1.9110,fund
020009,国泰金鹏蓝筹价值,71.1244,3,1.1260,fund
260101,景顺长城优选混合,71.0698,3,3.6550,fund
000772,景顺长城中国回报,71.0548,3,2.0920,fund
470008,汇添富策略回报混合,70.9910,3,2.6290,fund
100029,富国天成红利混合,70.9893,3,1.1378,fund
160518,博时睿远定增混合,70.9677,3,2.0670,fund
005401,万家潜力价值混合C,70.9179,3,1.9459,fund
110009,易方达价值精选混合,70.8362,3,1.0615,fund
000706,中邮多策略混合,70.8268,3,1.6800,fund
240011,华宝大盘精选,70.8002,3,2.8863,fund
519025,海富通领先成长混合,70.7131,3,2.1305,fund
006100,平安优势产业混合A,70.6914,3,1.9269,fund
320007,诺安成长混合,70.6332,3,1.5630,fund
002770,安信新回报混合A,70.5843,3,2.5574,fund
398061,中海消费股票,70.5521,3,4.7260,fund
002629,招商安博灵活配置混合C,70.5158,3,1.9108,fund
003373,大成景禄混合A,70.4186,3,1.4656,fund
003374,大成景禄混合C,70.4040,3,1.4636,fund
000589,光大银发商机混合,70.1107,3,2.7660,fund
163411,兴全精选混合,69.8778,3,2.9185,fund
000532,景顺长城优势企业,69.7709,3,3.4090,fund
001540,浙商汇金转型驱动灵活配置混合,69.6970,3,1.1200,fund
260111,景顺长城公司治理,69.6781,3,1.3660,fund
000796,宝盈睿丰创新混合C,69.6517,3,2.0460,fund
002771,安信新回报混合C,69.5681,3,2.5247,fund
450010,国富策略回报混合,69.4850,3,2.2050,fund
100026,富国天合稳健混合,69.4500,3,1.7307,fund
005914,景顺长城智能生活,69.4035,3,1.7579,fund
040016,华安行业轮动混合,69.3254,3,2.6982,fund
004394,华泰柏瑞量化创优,69.2673,3,1.7443,fund
000763,工银新财富混合,69.2456,3,2.6250,fund
006058,民生加银新兴成长混合,69.2153,3,1.9321,fund
002293,南方益和灵活配置混合,69.1988,3,1.8309,fund
004076,国联安锐意成长,69.1948,3,2.1349,fund
002295,广发稳安灵活配置,69.1659,3,1.8456,fund
001534,华宝万物互联,69.1554,3,1.3820,fund
001280,银华聚利混合A,69.0579,3,1.4570,fund
040020,华安升级主题混合,68.9575,3,2.1880,fund
110029,易方达科讯混合,68.9044,3,1.5405,fund
161232,国投瑞银瑞盛灵活配置混合型证券投资基金,68.9016,3,1.1840,fund
004434,博时逆向投资混合A,68.8454,3,1.5706,fund
006523,财通新兴蓝筹混合C,68.6988,3,1.6880,fund
005741,南方君信混合,68.6483,3,1.9688,fund
001892,长盛新兴成长混合,68.4866,3,1.7590,fund
377020,上投摩根内需动力混合,68.4441,3,0.9433,fund
002220,南方瑞利混合,68.2518,3,1.8315,fund
161910,万家新机遇价值驱动混合A,68.2430,3,2.1986,fund
001978,泰信互联网+混合,68.1350,3,1.7940,fund
004142,招商盛合混合A,68.0788,3,1.6386,fund
000649,长城久鑫灵活配置混合,67.9324,3,1.7690,fund
180018,银华和谐主题混合,67.7700,3,3.8520,fund
000566,华泰柏瑞创新升级,67.7597,3,2.8410,fund
000928,中融国企改革混合,67.7483,3,1.7060,fund
582003,东吴配置优化混合,67.7041,3,1.7458,fund
630016,华商价值共享混合,67.6440,3,3.2020,fund
160642,鹏华增瑞混合,67.6209,3,1.6219,fund
002326,银华聚利混合C,67.5960,3,1.4260,fund
519158,新华趋势领航混合,67.2831,3,3.3741,fund
160805,长盛同智优势混合,67.2626,3,0.9592,fund
000634,富国天盛混合,67.2556,3,1.2210,fund
519700,交银主题优选混合,67.2150,3,1.8816,fund
610005,信达澳银红利回报,67.2088,3,1.1660,fund
690004,民生加银稳健成长,67.1395,3,2.8280,fund
000031,华夏复兴混合,67.1100,3,2.7640,fund
320003,诺安先锋混合,67.1062,3,2.4080,fund
001990,中欧数据挖掘混合,67.0912,3,1.5752,fund
005001,交银持续成长主题,66.9422,3,1.9326,fund
070032,嘉实优化红利混合,66.7695,3,1.6750,fund
002174,东方互联网嘉混合,66.7603,3,1.0089,fund
000969,前海开源大安全混合,66.7600,3,1.7860,fund
519176,浦银安盛消费升级混合C,66.7309,3,2.5960,fund
070019,嘉实价值优势混合,66.6667,3,2.2300,fund
001053,南方创新经济,66.5620,3,2.1220,fund
004496,前海开源多元策略A,66.5049,3,2.1619,fund
006101,平安优势产业混合C,66.4385,3,1.8661,fund
481008,工银大盘蓝筹混合,66.3994,3,1.1970,fund
004435,博时逆向投资混合C,66.3480,3,1.5314,fund
519125,浦银安盛消费升级混合A,66.2821,3,2.5940,fund
003378,泰康策略优选混合,66.2744,3,1.8234,fund
004143,招商盛合混合C,66.2292,3,1.6086,fund
005076,创金合信优选回报,66.2052,3,1.0453,fund
004497,前海开源多元策略C,66.0290,3,2.1265,fund
002504,鹏华金鼎混合A,65.9864,3,1.7080,fund
002547,民生加银养老服务,65.9770,3,2.1660,fund
100020,富国天益价值混合,65.8502,3,1.9769,fund
002450,平安睿享文娱灵活配置混合A,65.4893,3,1.9600,fund
005819,国泰优势行业混合,65.4876,3,1.8480,fund
002216,易方达量化策略精选A,65.4812,3,1.5820,fund
006796,富国消费升级混合,65.4322,3,1.7645,fund
003501,泰达宏利睿智稳健,65.3671,3,1.1908,fund
001709,华富物联世界混合,65.3595,3,1.7710,fund
673020,西部利得成长精选混合,65.3140,3,1.7110,fund
005875,易方达中盘成长混合,65.2331,3,2.1477,fund
005474,泰康均衡优选混合,65.1319,3,1.7215,fund
002773,光大铭鑫混合A,65.0338,3,1.7114,fund
005357,富国国企改革混合,64.9027,3,1.5768,fund
000747,广发逆向策略混合,64.8497,3,2.8519,fund
481013,工银消费服务混合,64.8422,3,2.5600,fund
590006,中邮中小盘混合,64.7178,3,2.2410,fund
161810,银华内需精选混合,64.6888,3,2.8310,fund
001102,前海开源国家比较优势,64.6688,3,2.6100,fund
160611,鹏华优质治理混合,64.6580,3,1.1790,fund
003581,前海联合国民健康混合A,64.6073,3,1.5720,fund
377150,上投摩根健康品质生活混合,64.4876,3,3.6434,fund
006085,万家新机遇价值驱动混合C,64.4466,3,1.9563,fund
110001,易方达平稳增长混合,64.4055,3,4.7010,fund
519013,海富通风格优势混合,64.3326,3,0.8855,fund
000823,银华高端制造业,64.2344,3,1.3730,fund
400007,东方策略成长混合,64.1698,3,4.4119,fund
310308,申万菱信盛利精选,64.1240,3,0.8837,fund
006302,银华行业轮动混合,64.0988,3,1.7127,fund
005486,平安量化精选混合A,64.0866,3,1.6832,fund
002774,光大铭鑫混合C,64.0156,3,1.7261,fund
002263,泰达宏利大数据混合,63.9636,3,1.7672,fund
161219,国投瑞银新兴产业混合（LOF）,63.9568,3,2.2790,fund
004250,银河量化优选混合,63.9009,3,1.8924,fund
166006,中欧行业成长混合A,63.8928,3,1.8828,fund
002560,诺安和鑫灵活配置混合,63.8848,3,1.2293,fund
001886,中欧成长E,63.8704,3,1.8909,fund
519670,银河行业混合,63.7776,3,0.9810,fund
005541,前海开源盛鑫混合A,63.6982,3,1.5421,fund
162605,景顺长城鼎益混合(LOF),63.5947,3,2.4660,fund
007047,长城核心优势混合,63.5494,3,1.5581,fund
004335,华宝新飞跃混合,63.4736,3,1.9540,fund
003434,博时鑫泽混合A,63.4548,3,1.9760,fund
005434,鹏华睿投混合,63.4452,3,1.7876,fund
006397,长信内需成长混合E,63.3628,3,2.1834,fund
006209,中信保诚新蓝筹混合,63.3570,3,1.7966,fund
005542,前海开源盛鑫混合C,63.1840,3,1.5352,fund
002217,易方达量化策略精选C,63.0526,3,1.5490,fund
003435,博时鑫泽混合C,62.9791,3,1.9670,fund
519979,长信内需成长混合A,62.9604,3,2.3249,fund
163415,兴全商业模式优选,62.8664,3,3.0000,fund
004234,中欧数据挖掘混合C,62.8518,3,1.5109,fund
168101,九泰锐智定增混合,62.8206,3,1.6350,fund
003554,泰达宏利大数据C,62.8193,3,1.7464,fund
001152,融通新区域新经济混合,62.8083,3,0.8580,fund
260104,景顺长城内需增长,62.7996,3,10.2100,fund
004453,前海开源盈鑫混合A,62.7847,3,1.7011,fund
519183,万家双引擎混合,62.7687,3,2.4915,fund
378010,上投摩根成长先锋混合,62.6980,3,1.5808,fund
001628,招商体育文化休闲,62.5882,3,1.3820,fund
770001,德邦优化混合,62.5333,3,1.5323,fund
002305,光大风格轮动混合,62.4069,3,1.3090,fund
002562,泓德泓益混合,62.3963,3,1.4547,fund
002808,泓德优势领航混合,62.3336,3,1.8782,fund
005481,银华瑞泰混合,62.2637,3,1.6063,fund
006243,中银双息回报混合,62.2630,3,1.6618,fund
004454,前海开源盈鑫混合C,62.2507,3,1.7085,fund
002505,鹏华金鼎混合C,62.2156,3,1.6400,fund
005571,中银证券新能源混合A,62.1727,3,1.9631,fund
290008,泰信发展主题混合,62.1176,3,2.0670,fund
007111,前海联合国民健康混合C,62.0942,3,1.5480,fund
070002,嘉实增长混合,61.9632,3,16.9016,fund
202212,南方平衡混合,61.9478,3,2.4012,fund
000717,融通转型三动力A,61.6667,3,2.3280,fund
160918,大成中小盘混合,61.6316,3,3.1014,fund
002451,平安睿享文娱灵活配置混合C,61.5264,3,1.8640,fund
005453,前海开源医疗健康A,61.4790,3,1.6705,fund
270001,广发聚富财富,61.4776,3,1.1270,fund
004119,广发创新驱动混合,61.4754,3,1.7730,fund
110005,易方达积极成长混合,61.4497,3,0.6200,fund
000066,诺安鸿鑫混合,61.3896,3,1.7769,fund
673040,西部利得行业主题优选混合A,61.3870,3,1.8850,fund
519712,交银阿尔法核心混合A,61.3600,3,3.5951,fund
000788,前海开源中国成长,61.3466,3,1.9410,fund
180020,银华成长先锋混合,61.3346,3,1.7650,fund
550008,信诚优胜精选混合,61.2869,3,1.8860,fund
001417,汇添富医疗服务混合,61.2808,3,1.6370,fund
003446,英大睿鑫混合A,61.1804,3,1.8795,fund
160211,国泰中小成长混合,61.1655,3,3.2910,fund
002810,金信转型创新成长混合,61.1111,3,1.4500,fund
004138,上银鑫达灵活配置混合,61.1084,3,1.6519,fund
160605,鹏华中国50,61.0787,3,2.2100,fund
006377,广发趋势动力混合,61.0728,3,1.8198,fund
481001,工银核心价值混合,61.0338,3,0.2959,fund
005454,前海开源医疗健康C,61.0143,3,1.6636,fund
580008,东吴新产业精选混合,61.0141,3,2.9691,fund
001474,兴银丰盈灵活配置,61.0075,3,2.1414,fund
001986,前海开源人工智能主题,60.9904,3,1.8530,fund
519668,银河成长混合,60.9849,3,1.2203,fund
002272,新华科技,60.9464,3,1.5306,fund
002862,金信量化精选混合,60.8592,3,1.3480,fund
673043,西部利得行业主题优选混合C,60.8375,3,1.1710,fund
000083,汇添富消费行业混合,60.8148,3,6.5130,fund
213006,宝盈核心优势混合,60.7993,3,0.9634,fund
001852,融通中国风1号混合,60.7750,3,2.3650,fund
004424,汇添富文体娱乐混合A,60.6562,3,1.8951,fund
005526,工银新生代混合,60.6385,3,1.8920,fund
005572,中银证券新能源混合C,60.4819,3,1.9383,fund
002003,工银新机遇混合A,60.3297,3,1.4590,fund
519619,银河君荣混合A,60.3024,3,1.8521,fund
002179,华安事件驱动量化策略,60.2506,3,1.4070,fund
020015,国泰区位优势混合,60.1836,3,3.8380,fund
006223,交银创新成长混合,60.1680,3,2.0588,fund
150103,银河银泰混合（后端）,60.1502,3,0.7716,fund
004231,中欧行业成长混合（LOF）C,60.1198,3,1.8180,fund
005726,国泰价值精选混合A,60.0666,3,1.9709,fund
004549,富安达消费主题混合,60.0391,3,1.7201,fund
673120,西部利得新富混合,59.9465,3,1.7930,fund
260109,景顺长城内需增长贰号,59.9459,3,1.4360,fund
005487,平安量化精选混合C,59.8759,3,1.6237,fund
000843,富国新回报混合C,59.8246,3,1.7100,fund
000417,国联安新精选混合,59.7917,3,1.2834,fund
020018,国泰金鹿混合,59.6166,3,1.9735,fund
000167,广发聚优灵活配置混合,59.5915,3,2.1880,fund
001117,中欧精选定开混合A,59.5538,3,1.6450,fund
000841,富国新回报混合A,59.5481,3,1.7370,fund
005810,南方瑞祥一年定开混合A,59.5442,3,1.6800,fund
004206,华商元享混合,59.5397,3,1.4073,fund
001345,富国新收益混合A,59.5013,3,1.7970,fund
001782,九泰久益混合A,59.4675,3,2.1560,fund
005729,南方人工智能混合,59.4439,3,2.0471,fund
001890,中欧精选定开混合E,59.4203,3,1.6500,fund
519736,交银新成长混合,59.4064,3,3.4910,fund
005262,鑫元欣享混合A,59.3284,3,1.4221,fund
002125,广发新兴成长混合,59.1760,3,1.2750,fund
003447,英大睿鑫混合C,59.1256,3,1.8384,fund
161606,融通行业景气混合,59.1083,3,2.2100,fund
260108,景顺长城新兴成长,59.0654,3,2.3400,fund
003955,国泰民丰回报混合,59.0549,3,2.3090,fund
002634,华宝未来主导混合,59.0419,3,1.3280,fund
690005,民生加银内需增长,58.9341,3,2.1220,fund
163406,兴全合润混合,58.8717,3,1.5941,fund
005275,中欧创新成长混合A,58.8485,3,1.6444,fund
001030,天弘云端生活优选混合A,58.7678,3,1.2730,fund
090015,大成内需增长,58.7405,3,4.1590,fund
001320,工银丰盈回报混合,58.6405,3,1.9370,fund
000021,华夏优势增长混合,58.6372,3,2.6540,fund
002317,招商睿逸稳健混合,58.6275,3,1.6180,fund
519688,交银精选混合,58.5230,3,0.8789,fund
001844,九泰久益混合C,58.5065,3,2.0590,fund
000020,景顺长城品质投资,58.5044,3,3.2430,fund
202001,南方稳健成长混合,58.5037,3,2.0023,fund
006364,招商丰韵混合A,58.4791,3,1.5859,fund
004634,前海联合泳涛混合A,58.3820,3,1.8423,fund
202002,南方稳健成长贰号,58.3589,3,0.3901,fund
002683,民生加银前沿科技,58.3004,3,1.6020,fund
501062,南方瑞合三年定开混合,58.2578,3,1.1806,fund
005270,太平改革红利精选混合,58.2510,3,1.3079,fund
530003,建信优选成长混合A,58.1910,3,2.5936,fund
519620,银河君荣混合C,58.1132,3,1.8035,fund
002419,汇添富盈安灵活配置混合,58.0381,3,1.7400,fund
257020,国联安德盛精选,58.0274,3,0.7050,fund
530012,建信积极配置混合,57.9685,3,3.6080,fund
160519,博时睿利事件驱动,57.9329,3,1.7420,fund
002604,华夏新起点混合,57.8855,3,1.7920,fund
001056,北信瑞丰健康生活主题,57.8216,3,1.3620,fund
001901,前海开源沪港深隆鑫A,57.8188,3,1.1820,fund
255010,国联安德盛稳健,57.7986,3,0.9590,fund
005706,兴业龙腾双益平衡,57.6796,3,1.7709,fund
257030,国联安优势混合,57.6700,3,0.9330,fund
110023,易方达医疗保健行业,57.6281,3,2.8310,fund
005742,南方成安优选混合,57.6258,3,1.6598,fund
003715,宝盈消费主题混合,57.5445,3,1.7541,fund
121005,国投瑞银创新动力混合,57.5270,3,0.6031,fund
007041,前海联合泳涛混合C,57.5004,3,1.8311,fund
005598,广发中小盘精选混合,57.4080,3,1.4672,fund
001902,前海开源沪港深隆鑫C,57.4045,3,1.2160,fund
050022,博时回报混合,57.4013,3,1.6970,fund
002004,工银新机遇混合C,57.3971,3,1.4150,fund
006385,华泰保兴研究智选A,57.3222,3,1.7919,fund
002244,景顺长城低碳科技,57.2806,3,1.6310,fund
005847,富国沪港深业绩驱动混合,57.2670,3,1.7551,fund
001125,博时互联网混合,57.2614,3,1.1370,fund
161132,易方达科顺定期开放,57.2394,3,1.7908,fund
005263,鑫元欣享混合C,57.2218,3,1.4124,fund
004986,鹏华策略回报混合,57.1373,3,1.6182,fund
001347,富国新收益混合C,57.1362,3,1.8540,fund
206007,鹏华消费优选混合,57.0939,3,3.6650,fund
580006,东吴新经济混合,57.0876,3,1.3808,fund
233011,大摩主题优选混合,57.0139,3,2.3190,fund
000527,南方新优享,56.9182,3,3.9920,fund
000017,财通可持续混合,56.8543,3,1.5080,fund
519697,交银优势行业混合,56.7711,3,5.3710,fund
001154,北信瑞丰平安中国主题,56.7308,3,1.3040,fund
040007,华安中小盘成长混合,56.7097,3,2.4033,fund
410006,华富策略精选混合,56.6486,3,2.0557,fund
270008,广发核心精选混合,56.6399,3,4.4940,fund
005445,华宝价值发现混合,56.5594,3,1.5908,fund
006921,南方智诚混合,56.5282,3,1.5897,fund
006084,融通研究优选混合,56.4992,3,1.5700,fund
004332,恒生前海沪港深新兴产业精选混合,56.4275,3,1.5369,fund
004814,中欧红利优享混合A,56.3754,3,1.5668,fund
001536,南方君选,56.2750,3,1.5120,fund
006072,民生加银创新成长混合,56.2016,3,1.6145,fund
001272,兴业聚利混合,56.1728,3,2.2770,fund
000595,嘉实泰和混合,56.1265,3,3.1940,fund
001182,易方达安心回馈混合,56.1218,3,2.3590,fund
320015,诺安行业轮动混合,56.1164,3,1.7969,fund
004351,汇丰晋信珠三角混合,56.1118,3,1.6309,fund
001743,诺安优选回报混合,55.9859,3,1.5100,fund
001500,泓德远见回报混合,55.9161,3,1.6465,fund
005910,广发龙头优选混合,55.8226,3,1.8091,fund
005544,银华瑞和混合,55.7570,3,1.8641,fund
005067,融通逆向策略混合,55.7372,3,1.5717,fund
320006,诺安灵活配置混合,55.6744,3,3.3470,fund
005381,泰康睿利量化多策略A,55.6007,3,1.4169,fund
217009,招商核心价值混合,55.4850,3,1.6682,fund
580005,东吴进取策略混合A,55.4731,3,1.6135,fund
000117,广发轮动配置混合,55.4094,3,2.6000,fund
001875,前海开源沪港深优势精选,55.4000,3,1.7540,fund
340008,兴全有机增长,55.3988,3,3.6685,fund
163302,大摩华鑫资源优选混合,55.2316,3,1.0718,fund
002152,华宝核心优势混合,55.1871,3,1.8250,fund
200007,长城安心回报混合,55.1240,3,1.5367,fund
005276,中欧创新成长混合C,55.0711,3,1.5932,fund
690001,民生加银品牌蓝筹,55.0317,3,2.4975,fund
000591,中银健康生活混合,54.9519,3,2.2530,fund
002167,南方顺康混合,54.8981,3,1.5891,fund
530016,建信恒稳混合,54.7662,3,3.4420,fund
006365,招商丰韵混合C,54.7345,3,1.5475,fund
005250,银华估值优势混合,54.7052,3,1.5585,fund
270005,广发聚丰混合,54.6647,3,0.9495,fund
004666,长城久嘉创新成长混合,54.6454,3,1.4348,fund
519779,交银沪港深价值精选,54.6167,3,1.7750,fund
673050,西部利得新盈混合,54.5540,3,1.6460,fund
630006,华商产业升级混合,54.5372,3,1.7030,fund
006386,华泰保兴研究智选C,54.5334,3,1.7538,fund
700001,平安行业先锋混合,54.5079,3,1.8680,fund
001861,富安达健康人生混合,54.4796,3,1.7484,fund
005331,益民优势安享混合,54.4795,3,1.7467,fund
005593,上投创新商业模式混合,54.3688,3,1.5653,fund
290005,泰信优势增长混合,54.3568,3,1.8600,fund
001838,国投瑞银国家安全混合,54.2260,3,1.0570,fund
690009,民生加银红利回报,54.1756,3,2.8800,fund
003147,大成动态量化混合,54.1529,3,1.4885,fund
519613,银河君尚混合A,54.0891,3,1.4990,fund
000408,民生加银城镇化混合,54.0423,3,2.0200,fund
501028,财通多策略福瑞混合,54.0020,3,1.3988,fund
000535,长盛航天海工混合,53.8907,3,1.5350,fund
005811,南方瑞祥一年定开混合C,53.8506,3,1.6022,fund
001801,汇添富达欣混合A,53.7620,3,1.6310,fund
000241,宝盈核心优势混合C,53.7232,3,0.9384,fund
001268,富国国家安全主题,53.6232,3,0.9540,fund
000654,华商新锐产业混合,53.2794,3,1.7060,fund
006590,南方新优享C,53.2283,3,3.8920,fund
000410,益民服务领先混合,53.0524,3,4.6130,fund
001857,易方达现代服务业,52.8881,3,1.6940,fund
006230,鹏华研究驱动混合,52.8408,3,1.8723,fund
004815,中欧红利优享混合C,52.8342,3,1.5181,fund
005379,添富价值创造定开混合,52.7244,3,1.7322,fund
519623,银河君耀混合A,52.6778,3,1.5822,fund
673071,西部利得新动力混合A,52.6133,3,1.7169,fund
006526,鹏华优选回报混合,52.5813,3,1.5960,fund
006136,广发估值优势混合A,52.5812,3,1.9300,fund
730002,方正富邦红利精选,52.5086,3,1.7691,fund
080001,长盛成长价值混合,52.3346,3,1.6909,fund
519005,海富通股票混合,52.3023,3,1.0783,fund
501065,汇添富经典成长定开混合,52.2815,3,1.2756,fund
001179,德邦大健康混合,52.2591,3,1.6117,fund
004393,安信合作创新混合,52.2200,3,2.0227,fund
002594,工银现代服务业,52.2085,3,1.7230,fund
002919,东吴智慧医疗量化混合,52.2032,3,1.2435,fund
310388,申万菱信消费增长A,52.1894,3,1.4620,fund
001184,易方达新常态混合,52.1411,3,0.6040,fund
180013,银华领先策略混合,52.0958,3,1.7174,fund
000554,南方中国梦基金,52.0921,3,2.1810,fund
519624,银河君耀混合C,52.0890,3,1.5726,fund
168103,九泰锐益混合（LOF）,52.0653,3,1.5830,fund
040001,华安创新混合,52.0560,3,1.0820,fund
001403,招商国企改革,51.9676,3,1.3130,fund
000545,中邮核心竞争力混合,51.9643,3,1.7020,fund
001983,中邮低碳经济混合,51.9594,3,1.0470,fund
168108,九泰锐诚定增混合,51.8729,3,1.5109,fund
005416,鹏华尊惠18月定开混合A,51.8116,3,1.6048,fund
002165,汇添富达欣混合C,51.7798,3,1.5870,fund
519614,银河君尚混合C,51.7762,3,1.4610,fund
673073,西部利得新动力混合C,51.6942,3,1.6923,fund
001881,中欧新趋势混合,51.6784,3,1.3795,fund
166001,中欧新趋势混合A,51.6143,3,1.2806,fund
001830,融通跨界成长混合,51.6035,3,2.0800,fund
004266,招商沪港深科技创新混合,51.5932,3,1.4130,fund
002358,国投瑞银瑞祥混合A,51.5141,3,1.6912,fund
005450,华夏稳盛混合,51.4633,3,1.5940,fund
001256,泓德优选成长混合,51.4079,3,1.5669,fund
519987,长信恒利优势混合,51.2700,3,1.1990,fund
240001,华宝宝康消费品,50.8664,3,3.6109,fund
001143,华商量化进取混合,50.8259,3,1.1870,fund